1	analyse	анализировать, изучать детально
1	approach	подход; приближаться
1	area	область, участок
1	assess	оценивать
1	assume	предполагать, допускать
1	authority	власть; авторитет; орган власти
1	available	доступный, имеющийся
1	benefit	выгода, польза
1	concept	понятие, концепция
1	consist	состоять (из)
1	constitute	составлять, образовывать
1	context	контекст
1	contract	договор, контракт
1	create	создавать
1	data	данные
1	define	определять, давать определение
1	derive	выводить, происходить от
1	distribute	распределять, распространять
1	economy	экономика
1	environment	окружающая среда; окружение
1	establish	устанавливать, основывать
1	estimate	оценка; оценивать приблизительно
1	evident	очевидный
1	export	экспорт; экспортировать
1	factor	фактор
1	finance	финансы; финансировать
1	formula	формула
1	function	функция; функционировать
1	identify	опознавать, выявлять
1	income	доход
1	indicate	указывать, свидетельствовать
1	individual	отдельный; индивид
1	interpret	истолковывать, интерпретировать
1	involve	включать в себя, вовлекать
1	issue	вопрос, проблема; выпуск
1	labour	труд; рабочая сила
1	legal	юридический, законный
1	legislate	принимать законы
1	major	главный, крупный
1	method	метод
1	occur	происходить, случаться
1	percent	процент
1	period	период
1	policy	политика (курс), правила
1	principle	принцип
1	proceed	продолжать, переходить к
1	process	процесс; обрабатывать
1	require	требовать, нуждаться в
1	research	исследование
1	respond	отвечать, реагировать
1	role	роль
1	section	раздел, секция
1	sector	сектор
1	significant	значительный, существенный
1	similar	сходный, похожий
1	source	источник
1	specific	конкретный, определённый
1	structure	структура
1	theory	теория
1	vary	различаться, изменяться
2	achieve	достигать
2	acquire	приобретать, осваивать
2	administration	управление, администрация
2	affect	влиять на
2	appropriate	подходящий, соответствующий
2	aspect	аспект, сторона
2	assist	помогать, содействовать
2	category	категория
2	chapter	глава
2	commission	комиссия; поручение
2	community	сообщество
2	complex	сложный; комплекс
2	compute	вычислять
2	conclude	заключать, делать вывод
2	conduct	проводить; поведение
2	consequent	вытекающий, последующий
2	construct	строить, конструировать
2	consume	потреблять
2	credit	кредит; заслуга
2	culture	культура
2	design	проект; проектировать
2	distinct	отчётливый, отличный
2	element	элемент
2	equate	приравнивать
2	evaluate	оценивать, анализировать
2	feature	особенность, признак
2	final	окончательный
2	focus	фокус; сосредоточиваться
2	impact	влияние, воздействие
2	injure	ранить, повредить
2	institute	институт; учреждать
2	invest	инвестировать, вкладывать
2	item	предмет, пункт
2	journal	журнал (научный)
2	maintain	поддерживать, сохранять
2	normal	нормальный, обычный
2	obtain	получать, добывать
2	participate	участвовать
2	perceive	воспринимать, осознавать
2	positive	положительный
2	potential	потенциал; возможный
2	previous	предыдущий
2	primary	первичный, основной
2	purchase	покупка; покупать
2	range	диапазон; охватывать
2	region	регион
2	regulate	регулировать
2	relevant	уместный, относящийся к делу
2	reside	проживать
2	resource	ресурс
2	restrict	ограничивать
2	secure	надёжный; обеспечивать
2	seek	искать, стремиться
2	select	выбирать
2	site	место, участок; сайт
2	strategy	стратегия
2	survey	обследование, опрос
2	text	текст
2	tradition	традиция
2	transfer	передача; переносить
3	alternative	альтернатива; альтернативный
3	circumstance	обстоятельство
3	comment	комментарий; комментировать
3	compensate	компенсировать
3	component	компонент
3	consent	согласие; соглашаться
3	considerable	значительный, немалый
3	constant	постоянный
3	constrain	сдерживать, ограничивать
3	contribute	вносить вклад
3	convene	созывать, собираться
3	coordinate	координировать
3	core	ядро, суть
3	corporate	корпоративный
3	correspond	соответствовать; переписываться
3	criteria	критерии
3	deduce	выводить (заключение), дедуцировать
3	demonstrate	демонстрировать, доказывать
3	document	документ
3	dominate	доминировать, преобладать
3	emphasis	акцент, ударение
3	ensure	обеспечивать, гарантировать
3	exclude	исключать
3	framework	структура, основа, рамки
3	fund	фонд; финансировать
3	illustrate	иллюстрировать, пояснять
3	immigrate	иммигрировать
3	imply	подразумевать
3	initial	начальный
3	instance	случай, пример
3	interact	взаимодействовать
3	justify	оправдывать, обосновывать
3	layer	слой
3	link	связь; связывать
3	locate	находить, размещать
3	maximise	максимизировать
3	minor	незначительный, второстепенный
3	negate	отрицать, сводить на нет
3	outcome	результат, исход
3	partner	партнёр
3	philosophy	философия
3	physical	физический
3	proportion	доля, пропорция
3	publish	публиковать
3	react	реагировать
3	register	регистр; регистрировать
3	rely	полагаться, опираться
3	remove	удалять, убирать
3	scheme	схема, план
3	sequence	последовательность
3	sex	пол
3	shift	сдвиг; смещать
3	specify	уточнять, указывать
3	sufficient	достаточный
3	task	задача, задание
3	technical	технический
3	technique	методика, приём
3	technology	технология
3	valid	действительный, обоснованный
3	volume	объём; том
4	access	доступ; получать доступ
4	adequate	достаточный, адекватный
4	annual	ежегодный
4	apparent	очевидный, кажущийся
4	approximate	приблизительный
4	attitude	отношение, позиция
4	attribute	признак; приписывать
4	civil	гражданский
4	code	код; кодекс
4	commit	совершать; брать на себя обязательство
4	communicate	общаться, передавать
4	concentrate	сосредоточивать(ся)
4	confer	совещаться; присваивать
4	contrast	контраст; противопоставлять
4	cycle	цикл
4	debate	дебаты; обсуждать
4	despite	несмотря на
4	dimension	измерение, величина
4	domestic	внутренний; домашний
4	emerge	возникать, появляться
4	error	ошибка
4	ethnic	этнический
4	goal	цель
4	grant	грант; предоставлять
4	hence	следовательно, отсюда
4	hypothesis	гипотеза
4	implement	осуществлять, внедрять
4	implicate	вовлекать, подразумевать
4	impose	навязывать, налагать
4	integrate	интегрировать
4	internal	внутренний
4	investigate	расследовать, исследовать
4	job	работа, должность
4	label	этикетка, метка; маркировать
4	mechanism	механизм
4	obvious	очевидный
4	occupy	занимать
4	option	вариант, выбор
4	output	выпуск, результат
4	overall	общий, в целом
4	parallel	параллельный; аналог
4	parameter	параметр
4	phase	фаза, этап
4	predict	предсказывать
4	principal	главный
4	prior	предшествующий
4	professional	профессиональный; профессионал
4	project	проект
4	promote	продвигать, способствовать
4	regime	режим
4	resolve	решать, разрешать
4	retain	сохранять, удерживать
4	series	серия, ряд
4	statistic	статистический показатель
4	status	статус
4	stress	стресс; напряжение; подчёркивать
4	subsequent	последующий
4	sum	сумма
4	summary	краткое изложение
4	undertake	предпринимать, брать на себя
5	academy	академия
5	adjust	приспосабливать, корректировать
5	alter	изменять
5	amend	вносить поправки
5	aware	осведомлённый
5	capacity	способность; вместимость
5	challenge	вызов; бросать вызов
5	clause	пункт (договора); предложение (грамм.)
5	compound	соединение, составной
5	conflict	конфликт
5	consult	консультироваться
5	contact	контакт
5	decline	упадок; снижаться; отклонять
5	discrete	дискретный, отдельный
5	draft	черновик; составлять проект
5	enable	давать возможность
5	energy	энергия
5	enforce	обеспечивать исполнение
5	entity	сущность, организация
5	equivalent	эквивалент; равнозначный
5	evolve	развиваться, эволюционировать
5	expand	расширять(ся)
5	expose	подвергать воздействию, разоблачать
5	external	внешний
5	facilitate	облегчать, содействовать
5	fundamental	основополагающий
5	generate	порождать, генерировать
5	generation	поколение
5	image	образ, изображение
5	liberal	либеральный; щедрый
5	licence	лицензия
5	logic	логика
5	margin	край, запас; поле
5	medical	медицинский
5	mental	умственный
5	modify	видоизменять
5	monitor	следить; монитор
5	network	сеть
5	notion	понятие, представление
5	objective	цель; объективный
5	orient	ориентировать
5	perspective	точка зрения, перспектива
5	precise	точный
5	prime	главный, первоначальный
5	psychology	психология
5	pursue	преследовать, стремиться к
5	ratio	соотношение
5	reject	отвергать
5	revenue	доход (государства, компании)
5	stable	устойчивый, стабильный
5	style	стиль
5	substitute	замена; заменять
5	sustain	поддерживать, выдерживать
5	symbol	символ
5	target	цель, мишень
5	transit	транзит, перевозка
5	trend	тенденция
5	version	версия
5	welfare	благосостояние, социальное обеспечение
5	whereas	тогда как
6	abstract	абстрактный; резюме
6	accurate	точный
6	acknowledge	признавать
6	aggregate	совокупность; суммарный
6	allocate	распределять, выделять
6	assign	назначать, поручать
6	attach	прикреплять
6	author	автор
6	bond	связь, облигация
6	brief	краткий
6	capable	способный
6	cite	цитировать, ссылаться
6	cooperate	сотрудничать
6	discriminate	дискриминировать, различать
6	display	показ; демонстрировать
6	diverse	разнообразный
6	domain	область, сфера; домен
6	edit	редактировать
6	enhance	усиливать, улучшать
6	estate	имение, имущество
6	exceed	превышать
6	expert	эксперт
6	explicit	явный, чётко выраженный
6	federal	федеральный
6	fee	плата, сбор
6	flexible	гибкий
6	furthermore	кроме того
6	gender	пол (социальный), гендер
6	ignorance	невежество, незнание
6	incentive	стимул
6	incidence	частота (случаев), распространённость
6	incorporate	включать в состав
6	index	индекс, указатель
6	inhibit	сдерживать, подавлять
6	initiate	инициировать, начинать
6	input	ввод, вклад
6	instruct	инструктировать, обучать
6	intelligence	интеллект, разведка
6	interval	интервал
6	lecture	лекция
6	migrate	мигрировать
6	minimum	минимум
6	ministry	министерство
6	motive	мотив
6	neutral	нейтральный
6	nevertheless	тем не менее
6	overseas	зарубежный, за границей
6	precede	предшествовать
6	presume	предполагать
6	rational	рациональный
6	recover	восстанавливаться, возвращать
6	reveal	раскрывать
6	scope	охват, масштаб
6	subsidy	субсидия
6	tape	лента
6	trace	след; прослеживать
6	transform	преобразовывать
6	transport	транспорт; перевозить
6	underlie	лежать в основе
6	utilise	использовать, утилизировать
7	adapt	приспосабливать(ся)
7	adult	взрослый
7	advocate	сторонник; выступать за
7	aid	помощь; помогать
7	channel	канал
7	chemical	химический; химикат
7	classic	классический
7	comprehensive	всесторонний, исчерпывающий
7	comprise	состоять из, включать
7	confirm	подтверждать
7	contrary	противоположный
7	convert	преобразовывать, обращать
7	couple	пара
7	decade	десятилетие
7	definite	определённый, ясный
7	deny	отрицать, отказывать
7	differentiate	различать, дифференцировать
7	dispose	избавляться, располагать
7	dynamic	динамичный
7	eliminate	устранять
7	empirical	эмпирический
7	equip	оснащать
7	extract	извлекать; отрывок
7	file	файл, досье
7	finite	конечный, ограниченный
7	foundation	основа, фонд
7	globe	земной шар
7	grade	степень, оценка; сортировать
7	guarantee	гарантия; гарантировать
7	hierarchy	иерархия
7	identical	идентичный
7	ideology	идеология
7	infer	делать вывод, заключать
7	innovate	вводить новое, новаторствовать
7	insert	вставлять
7	intervene	вмешиваться
7	isolate	изолировать
7	media	средства массовой информации
7	mode	режим, способ
7	paradigm	парадигма
7	phenomenon	явление
7	priority	приоритет
7	prohibit	запрещать
7	publication	публикация
7	quote	цитировать; цитата
7	release	выпускать, освобождать
7	reverse	обратный; обращать
7	simulate	имитировать, моделировать
7	sole	единственный
7	somewhat	до некоторой степени
7	submit	представлять, подавать; подчиняться
7	successor	преемник
7	survive	выживать
7	thesis	тезис; диссертация
7	topic	тема
7	transmit	передавать
7	ultimate	конечный, предельный
7	unique	уникальный
7	visible	видимый
7	voluntary	добровольный
8	abandon	покидать, отказываться от
8	accompany	сопровождать
8	accumulate	накапливать
8	ambiguous	двусмысленный
8	append	добавлять, прилагать
8	appreciate	ценить; осознавать
8	arbitrary	произвольный
8	automate	автоматизировать
8	bias	предвзятость, уклон
8	chart	диаграмма, график
8	clarify	прояснять
8	commodity	товар
8	complement	дополнение; дополнять
8	conform	соответствовать, подчиняться
8	contemporary	современный
8	contradict	противоречить
8	crucial	решающий, ключевой
8	currency	валюта; распространённость
8	denote	обозначать
8	detect	обнаруживать
8	deviate	отклоняться
8	displace	вытеснять, смещать
8	drama	драма
8	eventual	конечный, окончательный
8	exhibit	выставлять, проявлять
8	exploit	эксплуатировать, использовать
8	fluctuate	колебаться
8	guideline	руководящий принцип, рекомендация
8	highlight	выделять, подчёркивать
8	implicit	подразумеваемый, неявный
8	induce	вызывать, побуждать
8	inevitable	неизбежный
8	infrastructure	инфраструктура
8	inspect	проверять, осматривать
8	intense	интенсивный, сильный
8	manipulate	манипулировать, управлять
8	minimise	минимизировать
8	nuclear	ядерный
8	offset	компенсировать, возмещать
8	paragraph	абзац
8	plus	плюс; кроме того
8	practitioner	практик, специалист-практик
8	predominant	преобладающий
8	prospect	перспектива
8	radical	радикальный, коренной
8	random	случайный
8	reinforce	усиливать, подкреплять
8	restore	восстанавливать
8	revise	пересматривать
8	schedule	расписание; планировать
8	tense	время (грамм.); напряжённый
8	terminate	прекращать, завершать
8	theme	тема
8	thereby	тем самым
8	uniform	единообразный; форма (одежда)
8	vehicle	транспортное средство; средство
8	via	через, посредством
8	virtual	виртуальный
8	visual	зрительный, визуальный
8	widespread	широко распространённый
9	accommodate	размещать, приспосабливаться
9	analogy	аналогия
9	anticipate	предвидеть, ожидать
9	assure	уверять, гарантировать
9	attain	достигать
9	behalf	(on behalf of) от имени
9	bulk	основная масса, объём
9	cease	прекращать(ся)
9	coherent	связный, последовательный
9	coincide	совпадать
9	commence	начинать(ся)
9	compatible	совместимый
9	concurrent	одновременный
9	confine	ограничивать
9	controversy	спор, разногласие
9	converse	обратный; беседовать
9	device	устройство
9	devote	посвящать
9	diminish	уменьшать(ся)
9	distort	искажать
9	duration	продолжительность
9	erode	разрушать, размывать
9	ethic	этика, нравственный принцип
9	format	формат
9	found	основывать
9	inherent	присущий
9	insight	понимание, проницательность
9	integral	неотъемлемый, целостный
9	intermediate	промежуточный
9	manual	ручной; руководство
9	mature	зрелый; созревать
9	mediate	посредничать
9	medium	средство, среда; средний
9	military	военный
9	minimal	минимальный
9	mutual	взаимный
9	norm	норма
9	overlap	пересекаться, совпадать частично
9	passive	пассивный
9	portion	часть, доля
9	preliminary	предварительный
9	protocol	протокол
9	qualitative	качественный
9	refine	совершенствовать, очищать
9	relax	расслабляться, смягчать
9	restrain	сдерживать
9	revolution	революция
9	rigid	жёсткий
9	route	маршрут
9	scenario	сценарий
9	sphere	сфера
9	subordinate	подчинённый; подчинять
9	supplement	дополнение; дополнять
9	suspend	приостанавливать
9	team	команда
9	temporary	временный
9	trigger	спусковой крючок; запускать
9	unify	объединять
9	violate	нарушать
9	vision	зрение, видение
10	adjacent	смежный, соседний
10	albeit	хотя, пусть и
10	assemble	собирать
10	collapse	крах; рушиться
10	colleague	коллега
10	compile	составлять, компилировать
10	conceive	задумывать, представлять
10	convince	убеждать
10	depress	подавлять, угнетать
10	encounter	сталкиваться; столкновение
10	enormous	огромный
10	forthcoming	предстоящий
10	incline	склонять(ся)
10	integrity	целостность, честность
10	intrinsic	внутренне присущий
10	invoke	ссылаться на, вызывать
10	levy	сбор, налог; взимать
10	likewise	подобным образом
10	nonetheless	тем не менее
10	notwithstanding	несмотря на
10	odd	странный; нечётный
10	ongoing	продолжающийся
10	panel	панель; комиссия
10	persist	упорствовать, сохраняться
10	pose	ставить (вопрос); создавать (угрозу)
10	reluctance	неохота, нежелание
10	so-called	так называемый
10	straightforward	прямой, несложный
10	undergo	подвергаться, переносить
10	whereby	посредством чего
